{"_id":"r4TpguMjSS","location":[106.6780677,10.82785],"_p_user":"_User$4BDMK1o4nj","store":"Sieu thi van lang","_created_at":{"$date":"2016-07-31T09:47:19.592Z"},"_updated_at":{"$date":"2016-07-31T09:47:19.592Z"}}
{"_id":"ultwbbbCC0","location":[106.6778621,10.8281476],"_p_user":"_User$7iENHar4C2","store":"Lava coffee","_created_at":{"$date":"2016-07-31T09:41:03.574Z"},"_updated_at":{"$date":"2016-07-31T09:41:03.574Z"}}
{"_id":"wT4OXObw20","location":[106.6257478,10.8536031],"_p_user":"_User$pSoxpzfCFZ","store":"Moda coffee","_created_at":{"$date":"2016-07-31T09:34:00.060Z"},"_updated_at":{"$date":"2016-07-31T09:34:00.060Z"}}
