{"_id":"4BDMK1o4nj","username":"loc","_hashed_password":"$2a$10$toX8/hANZXzQCDwx20CduO1EQuQFjMNy9rPkVsTCYtpe2aPmmwyGy","_wperm":["4BDMK1o4nj"],"_rperm":["*","4BDMK1o4nj"],"_acl":{"4BDMK1o4nj":{"w":true,"r":true},"*":{"r":true}},"_created_at":{"$date":"2016-07-30T10:36:45.214Z"},"_updated_at":{"$date":"2016-07-30T10:53:53.464Z"},"hometown":"cao lanh"}
{"_id":"7iENHar4C2","username":"toantq","_hashed_password":"$2a$10$nR2zpWdNs/3kZg93gZ38/ul2lwTeDcYMa.YQxQqEga/6Cf0l0xpyO","_wperm":["7iENHar4C2"],"_rperm":["*","7iENHar4C2"],"_acl":{"7iENHar4C2":{"w":true,"r":true},"*":{"r":true}},"_created_at":{"$date":"2016-07-30T10:36:54.177Z"},"_updated_at":{"$date":"2016-07-30T10:53:53.064Z"},"hometown":"vung tau"}
{"_id":"VsLaWY7YtW","username":"utachi","hometown":"thai binh","_hashed_password":"$2a$10$/AHN.3H1SK7Q/oLTDpC0mOL7NVyiZN7hcMiJ02O/HMNqcJPHfLQ/u","_wperm":["VsLaWY7YtW"],"_rperm":["*","VsLaWY7YtW"],"_acl":{"VsLaWY7YtW":{"w":true,"r":true},"*":{"r":true}},"_created_at":{"$date":"2016-07-30T11:16:00.813Z"},"_updated_at":{"$date":"2016-07-30T11:16:00.813Z"}}
{"_id":"pSoxpzfCFZ","username":"minhvu","_hashed_password":"$2a$10$Mhy.Lxs1OjW5vrsSmrfXTuunq4fSauS7dE3/pV9IM1/RpsTQQvcs.","_wperm":["pSoxpzfCFZ"],"_rperm":["*","pSoxpzfCFZ"],"_acl":{"pSoxpzfCFZ":{"w":true,"r":true},"*":{"r":true}},"_created_at":{"$date":"2016-07-30T10:34:27.130Z"},"_updated_at":{"$date":"2016-07-30T10:53:54.627Z"},"hometown":"nam dinh"}
{"_id":"qf1OkoPOqK","username":"hung","_hashed_password":"$2a$10$iMEoTwX5vyMXTIKAUz9PGO8PIrOwfU9f3iB/zbHwdfNUNs4MY36XS","_wperm":["qf1OkoPOqK"],"_rperm":["*","qf1OkoPOqK"],"_acl":{"qf1OkoPOqK":{"w":true,"r":true},"*":{"r":true}},"_created_at":{"$date":"2016-07-30T10:36:38.197Z"},"_updated_at":{"$date":"2016-07-30T13:22:40.468Z"},"hometown":"cao lanh"}
